artisan,product name,principles,materials,processes,industrial scale items,regular price,regular price item,last price,unit price,image,url
olive mode,3 Piece Cosmetic Bag,"woman owned, black owned",", , ,",", , ,",,Regular price,$44.00 USD,$44.00 USD,Regular price,https://www.olivemodeboutique.com/cdn/shop/products/image_6c86c33a-b59f-497c-b4d8-fbb299e3a2e1.jpg?v=1652703778&width=533,https://www.olivemodeboutique.com/products/3-piece-cosmetic-bag
olive mode,A Night Out Dress,"woman owned, black owned",", , ,",", , ,",,Regular price,From $32.00 USD,$32.00 USD,Regular price,https://www.olivemodeboutique.com/cdn/shop/products/image_d1eaf102-6764-4fd2-a062-c12f77f63a01.jpg?v=1634956002&width=533,https://www.olivemodeboutique.com/products/red-asymmetrical-dress
olive mode,Adhesive Lift Tape,"woman owned, black owned",", , ,",", , ,",,Regular price,$8.75 USD,$8.75 USD,Regular price,https://www.olivemodeboutique.com/cdn/shop/products/1eda4a39a2b169745a96491f97adadb1e7c0f4020306d9ffa8c27c6ade6466e7.jpg?v=1634168465&width=533,https://www.olivemodeboutique.com/products/2037-adhesive-breast-lift-tape-black
olive mode,Amber Striped Clutch,"woman owned, black owned",", , ,",", , ,",,Regular price,$65.00 USD,$65.00 USD,Regular price,https://www.olivemodeboutique.com/cdn/shop/products/image_7e832ccb-c1c4-4e7f-9c63-ab4b982b05ec.heic?v=1655267694&width=533,https://www.olivemodeboutique.com/products/urban-expressions-mayotte-clutch
olive mode,Ariel Ombré Mermaid Crochet Cover Up Dress,"woman owned, black owned",", , ,",", , ,",,Regular price,$74.00 USD,$74.00 USD,Regular price,https://www.olivemodeboutique.com/cdn/shop/files/image_abc50e53-405f-4996-a9e9-a6040d87ad3b.jpg?v=1684082579&width=533,https://www.olivemodeboutique.com/products/ombre-dyed-crochet-mermaid-dress
olive mode,Aspen Bracelet,"woman owned, black owned",", , ,",", , ,",,Regular price,$40.00 USD,$40.00 USD,Regular price,https://www.olivemodeboutique.com/cdn/shop/products/dcee8e69028e51dea8ce73ac1adb89a73c9e5e29a78b1e109e818d5dde959435.jpg?v=1633798333&width=533,https://www.olivemodeboutique.com/products/aspen-bracelet
olive mode,Aspen Ring Mini,"woman owned, black owned",", , ,",", , ,",,Regular price,$35.00 USD,$35.00 USD,Regular price,https://www.olivemodeboutique.com/cdn/shop/files/FullSizeRender_7cfdfbf0-876f-4421-92bc-d7edf6faf406.heic?v=1697934412&width=533,https://www.olivemodeboutique.com/products/brenda-grands-jewelry-aspen-ring-mini
olive mode,Axel Nail Bracelet: Silver,"woman owned, black owned",", , ,",", , ,",,Regular price,$65.00 USD,$65.00 USD,Regular price,https://www.olivemodeboutique.com/cdn/shop/files/FullSizeRender_ce4101d8-1ec8-4aa3-ad1e-fe79917a12c6.heic?v=1697930875&width=533,https://www.olivemodeboutique.com/products/axel-nail-bracelet-silver
olive mode,Bettany Bodysuit,"woman owned, black owned",", , ,",", , ,",,Regular price,$29.00 USD,$29.00 USD,Regular price,https://www.olivemodeboutique.com/cdn/shop/products/419b80a2bb442462363fd576abbef5fa2a66b3df7c45486f918c0ed3c00406f5.jpg?v=1634168458&width=533,https://www.olivemodeboutique.com/products/2014-bettany-bodysuit-black
olive mode,Black Mesh Cosmetic Bag Set,"woman owned, black owned",", , ,",", , ,",,Regular price,$12.98 USD,$12.98 USD,Regular price,https://www.olivemodeboutique.com/cdn/shop/files/image_b2df18f9-ce19-4091-a369-68b70d234817.heic?v=1692382330&width=533,https://www.olivemodeboutique.com/products/unishe-black-mesh-washing-bag-cosmetic-bag-moq-3pcs-zzkf455
olive mode,Blue Lagoon Mesh Midaxi Dress,"woman owned, black owned",", , ,",", , ,",,Regular price,$95.00 USD,$95.00 USD,Regular price,https://www.olivemodeboutique.com/cdn/shop/files/image_59313de9-baf6-40d5-bc3b-5a64ada2dd67.jpg?v=1684122482&width=533,https://www.olivemodeboutique.com/products/oasis
olive mode,Boob Savior Adhesive Remover,"woman owned, black owned",", , ,",", , ,",,Regular price,$13.99 USD,$13.99 USD,Regular price,https://www.olivemodeboutique.com/cdn/shop/products/63eb655703e5a346dba2da9ce4d655d830aac2ce3f5fe5404b804d8097a00413.jpg?v=1696595014&width=533,https://www.olivemodeboutique.com/products/boob-savior-adhesive-remover
olive mode,Bora Bora Kelly Green Crossbody,"woman owned, black owned",", , ,",", , ,",,Regular price,$70.00 USD,$70.00 USD,Regular price,https://www.olivemodeboutique.com/cdn/shop/products/image_e896a652-69d2-4745-bcc1-35de98140c01.heic?v=1678279979&width=533,https://www.olivemodeboutique.com/products/urban-expressions-fawna-crossbody
olive mode,Bora Bora Sky Blue Crossbody,"woman owned, black owned",", , ,",", , ,",,Regular price,$70.00 USD,$70.00 USD,Regular price,https://www.olivemodeboutique.com/cdn/shop/products/image_457b7ecb-d80b-4e5e-bcb5-802caf42c7d5.heic?v=1678281014&width=533,https://www.olivemodeboutique.com/products/urban-expressions-fawna-crossbody-1
olive mode,Botanical Fragrance Roller,"woman owned, black owned",", , ,",", , ,",,Regular price,$14.00 USD,$14.00 USD,Regular price,https://www.olivemodeboutique.com/cdn/shop/products/image_e826c545-fe52-4c83-8416-1ee1747cd710.jpg?v=1634268086&width=533,https://www.olivemodeboutique.com/products/cocoa-beach-fragrance-roller
olive mode,Braided Band Bracelet,"woman owned, black owned",", , ,",", , ,",,Regular price,$36.00 USD,$36.00 USD,Regular price,https://www.olivemodeboutique.com/cdn/shop/files/IMG-2817.heic?v=1697933505&width=533,https://www.olivemodeboutique.com/products/braided-band-bracelet
olive mode,Bubble Evening Bag: Silver,"woman owned, black owned",", , ,",", , ,",,Regular price,$66.00 USD,$66.00 USD,Regular price,https://www.olivemodeboutique.com/cdn/shop/products/39b27db6a89ce1de69d4b8fd630c5fb55febfd9ed84bd2a3c9b1a09aa1e9dec4.jpg?v=1696595843&width=533,https://www.olivemodeboutique.com/products/daisy-evening-bag-silver
olive mode,Butterfly Crystal Bag: Fuchsia,"woman owned, black owned",", , ,",", , ,",,Regular price,$80.00 USD,$80.00 USD,Regular price,https://www.olivemodeboutique.com/cdn/shop/files/8b7662a0d5973e1067816738c05587d036bd6b95e52835433b3bff8dbb8edd7b.jpg?v=1697332288&width=533,https://www.olivemodeboutique.com/products/vanessa-evening-bag-fuchsia
olive mode,Cabana Mesh Mini Dress,"woman owned, black owned",", , ,",", , ,",,Regular price,$48.00 USD,$48.00 USD,Regular price,https://www.olivemodeboutique.com/cdn/shop/products/image_c1012a34-bc86-4184-8c8a-ab60cf00094d.jpg?v=1652617140&width=533,https://www.olivemodeboutique.com/products/amy-lynn-dalia-dress
olive mode,Cabo Crop Top Set,"woman owned, black owned",", , ,",", , ,",,Regular price,$22.00 USD,$22.00 USD,Regular price,https://www.olivemodeboutique.com/cdn/shop/products/image_6d14d050-4f23-4e1b-a4d0-c368961fde1a.jpg?v=1627896328&width=533,https://www.olivemodeboutique.com/products/crop-top-set
olive mode,CALA 2-in-1 Rose Quartz Sonic Facial Massager,"woman owned, black owned",", , ,",", , ,",,Regular price,$22.00 USD,$22.00 USD,Regular price,https://www.olivemodeboutique.com/cdn/shop/products/982dc1e989189205a2b5343fe683ffad8dfa32d127a7660839f19f24ab9b19a0.png?v=1680700211&width=533,https://www.olivemodeboutique.com/products/best-beauty-group-cala-2-in-1-rose-quartz-sonic-facial-massager
olive mode,CALA 5 PIECE HYDROGEL LIP MASK ROSE COLLAGEN HYDRATING,"woman owned, black owned",", , ,",", , ,",,Regular price,$10.00 USD,$10.00 USD,Regular price,https://www.olivemodeboutique.com/cdn/shop/products/dfd11aa1db1cdc6fa06a88a7c334ab1a19701359b93bbdda31d7740c64336f94.png?v=1696595064&width=533,https://www.olivemodeboutique.com/products/cala-5-piece-hydrogel-lip-mask-rose-collagen-hydrating
olive mode,Cher Black Feather Crop Top,"woman owned, black owned",", , ,",", , ,",,Regular price,$68.00 USD,$68.00 USD,Regular price,https://www.olivemodeboutique.com/cdn/shop/files/IMG-3196.jpg?v=1702119185&width=533,https://www.olivemodeboutique.com/products/dressy-feather-trim-crop-top
olive mode,Chunky Tube Hoops Medium,"woman owned, black owned",", , ,",", , ,",,Regular price,$44.00 USD,$44.00 USD,Regular price,https://www.olivemodeboutique.com/cdn/shop/files/IMG-2819.heic?v=1697933637&width=533,https://www.olivemodeboutique.com/products/brenda-grands-jewelry-chunky-tube-hoops-medium
olive mode,Chunky Twisted Ring,"woman owned, black owned",", , ,",", , ,",,Regular price,$43.00 USD,$43.00 USD,Regular price,https://www.olivemodeboutique.com/cdn/shop/files/IMG-2816.heic?v=1697931636&width=533,https://www.olivemodeboutique.com/products/brenda-grands-jewelry-chunky-twisted-ring
olive mode,Cocktail Hour Chain Dress,"woman owned, black owned",", , ,",", , ,",,Regular price,$38.00 USD,$38.00 USD,Regular price,https://www.olivemodeboutique.com/cdn/shop/products/image_be268bda-2e57-4c24-9012-b4cd1dd686dc.jpg?v=1634955910&width=533,https://www.olivemodeboutique.com/products/chain-black-dress
olive mode,Cocktail Picks,"woman owned, black owned",", , ,",", , ,",,Regular price,$9.00 USD,$9.00 USD,Regular price,https://www.olivemodeboutique.com/cdn/shop/products/04971454be2207790869f9729da50a25b839ae07f2e805c18e3b85602676c313.jpg?v=1696595754&width=533,https://www.olivemodeboutique.com/products/cocktail-picks-wholesale
olive mode,COSRX Acne Clear Pimple Master Patch kbeauty,"woman owned, black owned",", , ,",", , ,",,Regular price,$7.00 USD,$7.00 USD,Regular price,https://www.olivemodeboutique.com/cdn/shop/products/a807aa6f5767e7265e7d3727f0fa7f767a2f4bbcffb0c83cd8b109b80f6ebe38.jpg?v=1696595070&width=533,https://www.olivemodeboutique.com/products/cosrx-acne-clear-pimple-master-patch-kbeauty
olive mode,Countdown Sequince Dress,"woman owned, black owned",", , ,",", , ,",,Regular price,From $120.00 USD,$120.00 USD,Regular price,https://www.olivemodeboutique.com/cdn/shop/products/image_c57febf3-ffb1-4f2f-a90c-0913f5a24796.jpg?v=1638733124&width=533,https://www.olivemodeboutique.com/products/celebration-dress
olive mode,Creamsicle Maxi Crochet Dress,"woman owned, black owned",", , ,",", , ,",,Regular price,$72.00 USD,$72.00 USD,Regular price,https://www.olivemodeboutique.com/cdn/shop/files/image_c344bc08-76dc-442c-96e0-39b9900da344.heic?v=1684066882&width=533,https://www.olivemodeboutique.com/products/orange-maxi-crochet-dress
olive mode,Curved Shapewear Dress,"woman owned, black owned",", , ,",", , ,",,Regular price,$24.00 USD,$24.00 USD,Regular price,https://www.olivemodeboutique.com/cdn/shop/products/06344cc6527fd3ff6426b7a9314e04789a3024778f62463cc8892ad762f9b3ca.jpg?v=1634168450&width=533,https://www.olivemodeboutique.com/products/2009-curved-craze-shapewear-dress-black
olive mode,Dionne Sweater Dress,"woman owned, black owned",", , ,",", , ,",,Regular price,$118.00 USD,$118.00 USD,Regular price,https://www.olivemodeboutique.com/cdn/shop/files/Dionne-Dress.jpg?v=1698889994&width=533,https://www.olivemodeboutique.com/products/mini-sweater
olive mode,Donna Mirror Metallic Card Holder Wallet: Gold,"woman owned, black owned",", , ,",", , ,",,Regular price,$20.00 USD,$20.00 USD,Regular price,https://www.olivemodeboutique.com/cdn/shop/files/cca411be8d16af9fbd3ef8f071badf9cb8ac056971ffbf2602a064b89a2eff1e.jpg?v=1697332407&width=533,https://www.olivemodeboutique.com/products/afina-mirror-metallic-card-holder-wallet-gold
olive mode,Donna Mirror Metallic Card Holder Wallet: Silver,"woman owned, black owned",", , ,",", , ,",,Regular price,$20.00 USD,$20.00 USD,Regular price,https://www.olivemodeboutique.com/cdn/shop/files/a0c04dbe7ca96ea337f8842cc3042aa37e601c016632d08869a8ab843d2bb03d_788f521e-6b2d-49f9-b1d3-4834ef18b47d.jpg?v=1697332432&width=533,https://www.olivemodeboutique.com/products/afina-mirror-metallic-card-holder-wallet-silver
olive mode,Double Bar Earring,"woman owned, black owned",", , ,",", , ,",,Regular price,$52.00 USD,$52.00 USD,Regular price,https://www.olivemodeboutique.com/cdn/shop/files/6BB48CBA-55D7-4EE1-8CDA-0B6ABA6CB772.jpg?v=1697928543&width=533,https://www.olivemodeboutique.com/products/double-bar-earring
olive mode,Dr Jart Cryo Rubber™ Mask: Collagen,"woman owned, black owned",", , ,",", , ,",,Regular price,$15.00 USD,$15.00 USD,Regular price,https://www.olivemodeboutique.com/cdn/shop/products/97705953de098e1a37bfbe7ba75342097f0e67595df2082649f215f2da6df4a6.png?v=1696595084&width=533,https://www.olivemodeboutique.com/products/dr-jart-cryo-rubber%E2%84%A2-mask-collagen
olive mode,DR. JART+ Dermask Water Jet Vital Hydra Solution Sheet Mask,"woman owned, black owned",", , ,",", , ,",,Regular price,$7.00 USD,$7.00 USD,Regular price,https://www.olivemodeboutique.com/cdn/shop/products/692299467b88a8f4c9d1cb169818ed6fd680816f2e223fb50aad0e6f1cc30bc0.png?v=1680700232&width=533,https://www.olivemodeboutique.com/products/best-beauty-group-dr-jart-dermask-water-jet-vital-hydra-solution-sheet-mask
olive mode,DR. JART+ K Beauty Dermask Intra Jet Firming Solution,"woman owned, black owned",", , ,",", , ,",,Regular price,$7.00 USD,$7.00 USD,Regular price,https://www.olivemodeboutique.com/cdn/shop/products/f455c6912f25c768581be89d4549555feb03057215c0d9deda29a3721ac1d0a2.png?v=1680700228&width=533,https://www.olivemodeboutique.com/products/best-beauty-group-dr-jart-k-beauty-dermask-intra-jet-firming-solution
olive mode,Eco-Friendly Creaseless Clips 4pc Set - Black Terrazzo,"woman owned, black owned",", , ,",", , ,",,Regular price,$10.00 USD,$10.00 USD,Regular price,https://www.olivemodeboutique.com/cdn/shop/products/14df90a0ff994b5c57f0070fa542b384180765dd3ab5e8b8e9e8cb9c5dc48f6d.jpg?v=1696595129&width=533,https://www.olivemodeboutique.com/products/eco-friendly-creaseless-clips-4pc-set-black-terrazzo
olive mode,Emerald Satin Slit Dress,"woman owned, black owned",", , ,",", , ,",,Regular price,From $72.00 USD,$72.00 USD,Regular price,https://www.olivemodeboutique.com/cdn/shop/products/image_480f828b-c34d-47a9-9465-cda505bf71f8.jpg?v=1627879081&width=533,https://www.olivemodeboutique.com/products/emerald-city-satin-slit-dress
olive mode,Equestrian Suede Jacket,"woman owned, black owned",", , ,",", , ,",,Regular price,From $48.00 USD,$48.00 USD,Regular price,https://www.olivemodeboutique.com/cdn/shop/products/image_ae61817b-c330-4b9d-bc00-5abc23031994.jpg?v=1634953697&width=533,https://www.olivemodeboutique.com/products/camel-cropped-suede-jacket
olive mode,"Evian Facial Spray - Evian Facial Spray, 1.7 oz","woman owned, black owned",", , ,",", , ,",,Regular price,$8.50 USD,$8.50 USD,Regular price,https://www.olivemodeboutique.com/cdn/shop/products/c7722e7afbb490a9e1d3b314412019fb49e497c1ab054e10ee198c5e28061bf9.jpg?v=1680700169&width=533,https://www.olivemodeboutique.com/products/evian-facial-spray-evian-facial-spray-1-7-oz
olive mode,Exfoliating Body Dry Brush,"woman owned, black owned",", , ,",", , ,",,Regular price,$14.00 USD,$14.00 USD,Regular price,https://www.olivemodeboutique.com/cdn/shop/products/a66e5db64693bfa45602fe983ab46ccd5fbc3aea76860e5c3e4d37c82c0a2f06.jpg?v=1696595139&width=533,https://www.olivemodeboutique.com/products/exfoliating-body-dry-brush
olive mode,Fairytale Ballerina Clutch,"woman owned, black owned",", , ,",", , ,",,Regular price,$70.00 USD,$70.00 USD,Regular price,https://www.olivemodeboutique.com/cdn/shop/products/image_e1403a49-9511-4803-977c-f46a0ae27622.heic?v=1670796479&width=533,https://www.olivemodeboutique.com/products/urban-expressions-shoshanna-evening-bag
olive mode,Fiji Black Woven Crossbody,"woman owned, black owned",", , ,",", , ,",,Regular price,$80.00 USD,$80.00 USD,Regular price,https://www.olivemodeboutique.com/cdn/shop/products/image_00bff48b-d51b-434b-a319-9315559986de.heic?v=1678281257&width=533,https://www.olivemodeboutique.com/products/urban-expressions-fiji-crossbody
olive mode,Francesca Gold Crystal Maxi Dress,"woman owned, black owned",", , ,",", , ,",,Regular price,$158.00 USD,$158.00 USD,Regular price,https://www.olivemodeboutique.com/cdn/shop/files/IMG-0457.jpg?v=1698895775&width=533,https://www.olivemodeboutique.com/products/gold-crystal-maxi
olive mode,Giselle Mirror Metallic Crossbody: Gold,"woman owned, black owned",", , ,",", , ,",,Regular price,$70.00 USD,$70.00 USD,Regular price,https://www.olivemodeboutique.com/cdn/shop/files/6ccf649d1f119b84cf75479480336dcacd4f1b49d5fa4dd4d9e81fe4acb41b90.jpg?v=1696596009&width=533,https://www.olivemodeboutique.com/products/donna-mirror-metallic-crossbody-gold
olive mode,Giselle Mirror Metallic Crossbody: Silver,"woman owned, black owned",", , ,",", , ,",,Regular price,$70.00 USD,$70.00 USD,Regular price,https://www.olivemodeboutique.com/cdn/shop/files/b5f3aae82cfe831f11f1db6de79487b6d2c2cf146195bde52721485aa7fbe038_c4c223da-da3c-4a7e-a7c5-38e99a6495cb.jpg?v=1696596043&width=533,https://www.olivemodeboutique.com/products/donna-mirror-metallic-crossbody-silver
olive mode,Greece Twist Top,"woman owned, black owned",", , ,",", , ,",,Regular price,From $28.00 USD,$28.00 USD,Regular price,https://www.olivemodeboutique.com/cdn/shop/products/image_4c4cae14-5d83-43df-b771-3d05a7a178d8.jpg?v=1630889818&width=533,https://www.olivemodeboutique.com/products/greece-twist-top
olive mode,Halle Black Cutwork Maxi,"woman owned, black owned",", , ,",", , ,",,Regular price,$126.00 USD,$126.00 USD,Regular price,https://www.olivemodeboutique.com/cdn/shop/files/Halle-Dress_4.jpg?v=1698443698&width=533,https://www.olivemodeboutique.com/products/janet-black-cutwork-maxi
olive mode,Houston Belted Romper,"woman owned, black owned",", , ,",", , ,",,Regular price,From $28.00 USD,$28.00 USD,Regular price,https://www.olivemodeboutique.com/cdn/shop/products/image_ba4c2ece-30fc-462f-925c-40d236376c91.jpg?v=1612885809&width=533,https://www.olivemodeboutique.com/products/houston
olive mode,Ice Roller - Terracotta,"woman owned, black owned",", , ,",", , ,",,Regular price,$18.00 USD,$18.00 USD,Regular price,https://www.olivemodeboutique.com/cdn/shop/products/a386a56410869fe9a8053f2709894eab8b686b9b61da15fbdcb0fe21db9028a4.jpg?v=1696595107&width=533,https://www.olivemodeboutique.com/products/ice-roller-terracotta
olive mode,INSTANT CHAMPAGNE COCKTAIL KIT,"woman owned, black owned",", , ,",", , ,",,Regular price,$30.00 USD,$30.00 USD,Regular price,https://www.olivemodeboutique.com/cdn/shop/products/a8cbda610436feb43a5d41128dd56feaedd99cecc0ff2374c226799dca14a75e.png?v=1696595766&width=533,https://www.olivemodeboutique.com/products/instant-champagne-cocktail-kit
olive mode,Invite Only Bodysuit Sweater,"woman owned, black owned",", , ,",", , ,",,Regular price,From $38.00 USD,$38.00 USD,Regular price,https://www.olivemodeboutique.com/cdn/shop/products/image_a9338e64-a13b-48b6-b139-b7e1cd4a921e.jpg?v=1638730769&width=533,https://www.olivemodeboutique.com/products/sweater-bodysuit
olive mode,Jada Green Mesh Cargo Dress,"woman owned, black owned",", , ,",", , ,",,Regular price,$108.00 USD,$108.00 USD,Regular price,https://www.olivemodeboutique.com/cdn/shop/files/Jada-Dress.jpg?v=1698890035&width=533,https://www.olivemodeboutique.com/products/jada-green-cargo-dress
olive mode,Janae Straw Clutch,"woman owned, black owned",", , ,",", , ,",,Regular price,$60.00 USD,$60.00 USD,Regular price,https://www.olivemodeboutique.com/cdn/shop/products/image_cc236bad-986b-4ad2-a7af-bed7886b2e61.heic?v=1655267640&width=533,https://www.olivemodeboutique.com/products/urban-expressions-evie-clutch
olive mode,Jizel Vertical Scrunch Crossbody,"woman owned, black owned",", , ,",", , ,",,Regular price,$80.00 USD,$80.00 USD,Regular price,https://www.olivemodeboutique.com/cdn/shop/products/image_f6a784f2-2c9a-4fb1-8891-f6b3d32b1977.heic?v=1655294247&width=533,https://www.olivemodeboutique.com/products/urban-expressions-rylee-clutch
olive mode,Kelly Red Cutout Strappy Jumpsuit,"woman owned, black owned",", , ,",", , ,",,Regular price,$159.00 USD,$159.00 USD,Regular price,https://www.olivemodeboutique.com/cdn/shop/products/image_bde5ca65-842c-4b2a-9a86-858a503f0530.jpg?v=1670793806&width=533,https://www.olivemodeboutique.com/products/red-cutout-strappy-jumpsuit
olive mode,Laneige Lip Sleeping Mask Treatment Balm Care,"woman owned, black owned",", , ,",", , ,",,Regular price,$24.00 USD,$24.00 USD,Regular price,https://www.olivemodeboutique.com/cdn/shop/products/e1d41211a980180f13c7cf2147ed01c232c8cb951d1728419c3f066a70b8ccd1.png?v=1680700241&width=533,https://www.olivemodeboutique.com/products/best-beauty-group-laneige-lip-sleeping-mask-treatment-balm-care
olive mode,Last Call Vegan Leather Skirt,"woman owned, black owned",", , ,",", , ,",,Regular price,$92.00 USD,$92.00 USD,Regular price,https://www.olivemodeboutique.com/cdn/shop/products/image_84ab8255-7a69-45b6-96fd-337042a38f39.jpg?v=1682947044&width=533,https://www.olivemodeboutique.com/products/faux-leather-skirt
olive mode,Link Anklet,"woman owned, black owned",", , ,",", , ,",,Regular price,$35.00 USD,$35.00 USD,Regular price,https://www.olivemodeboutique.com/cdn/shop/products/3a1b23d18a5e4135c91a965c0b9a3406b8b751f07f43a01b9876b7d716c5dc99.jpg?v=1650245528&width=533,https://www.olivemodeboutique.com/products/brenda-grands-jewelry-marine-anklet
olive mode,Lock Earrings,"woman owned, black owned",", , ,",", , ,",,Regular price,$52.00 USD,$52.00 USD,Regular price,https://www.olivemodeboutique.com/cdn/shop/files/FullSizeRender_962bb46d-44d6-419b-8488-56122ca0b578.heic?v=1697930929&width=533,https://www.olivemodeboutique.com/products/codie-lock-earrings-gold-2
olive mode,Luxe Shower Cap - Floral,"woman owned, black owned",", , ,",", , ,",,Regular price,$24.00 USD,$24.00 USD,Regular price,https://www.olivemodeboutique.com/cdn/shop/products/1556197145.jpg?v=1634752172&width=533,https://www.olivemodeboutique.com/products/kitsch-luxe-shower-cap-floral
olive mode,Malibu Slit Off White Dress,"woman owned, black owned",", , ,",", , ,",,Regular price,$65.00 USD,$65.00 USD,Regular price,https://www.olivemodeboutique.com/cdn/shop/files/DAF08ACC-063F-4139-933D-408B0DF8DFA1.jpg?v=1682946894&width=533,https://www.olivemodeboutique.com/products/malibu-slit-off-white-dress
olive mode,Maui Ruched Side Slit Midi Skirt,"woman owned, black owned",", , ,",", , ,",,Regular price,From $45.00 USD,$45.00 USD,Regular price,https://www.olivemodeboutique.com/cdn/shop/products/image_57f0097d-df95-4560-a2a8-f10210115df0.jpg?v=1650233461&width=533,https://www.olivemodeboutique.com/products/ruched-side-slit-midi-skirt
olive mode,Maui Satin Wrap Front Tie Waist Top,"woman owned, black owned",", , ,",", , ,",,Regular price,$45.00 USD,$45.00 USD,Regular price,https://www.olivemodeboutique.com/cdn/shop/products/image_737ac8ae-be4e-448a-9a93-6e37ac4effdd.jpg?v=1650233575&width=533,https://www.olivemodeboutique.com/products/satin-wrap-front-tie-waist-top
olive mode,Michelle Gold Link Large Woven Crossbody,"woman owned, black owned",", , ,",", , ,",,Regular price,$80.00 USD,$80.00 USD,Regular price,https://www.olivemodeboutique.com/cdn/shop/products/image_4900d525-bf4c-4e76-a258-e585c0cc3d97.heic?v=1670786859&width=533,https://www.olivemodeboutique.com/products/urban-expressions-ines-crossbody-1
olive mode,Michelle Gold Link Small Woven Crossbody,"woman owned, black owned",", , ,",", , ,",,Regular price,$80.00 USD,$80.00 USD,Regular price,https://www.olivemodeboutique.com/cdn/shop/products/image_2c1d047a-f568-466a-a081-4eaf05e0abf8.heic?v=1692384249&width=533,https://www.olivemodeboutique.com/products/urban-expressions-holden-crossbody
olive mode,Moana Straw Clutch,"woman owned, black owned",", , ,",", , ,",,Regular price,$90.00 USD,$90.00 USD,Regular price,https://www.olivemodeboutique.com/cdn/shop/products/image_8c9dc281-1fe0-4a89-b164-8866a8aaac88.heic?v=1678280199&width=533,https://www.olivemodeboutique.com/products/urban-expressions-moana-clutch
olive mode,Moisturizing Heel Socks,"woman owned, black owned",", , ,",", , ,",,Regular price,$16.00 USD,$16.00 USD,Regular price,https://www.olivemodeboutique.com/cdn/shop/products/aefe59a01080121dc71881c3e5dd75807840e3a45c37a486fbf5e951a5ce0aad.jpg?v=1696595116&width=533,https://www.olivemodeboutique.com/products/moisturizing-heel-socks
olive mode,Mykonos Maxi Dress,"woman owned, black owned",", , ,",", , ,",,Regular price,$82.00 USD,$82.00 USD,Regular price,https://www.olivemodeboutique.com/cdn/shop/files/image_b25f1990-42b6-4079-804b-2c8feefd99b9.jpg?v=1684122357&width=533,https://www.olivemodeboutique.com/products/adunn-riah-maxi-dress-in-magenta-orange
olive mode,Nia Vegan Leather Bustier Top,"woman owned, black owned",", , ,",", , ,",,Regular price,$119.00 USD,$119.00 USD,Regular price,https://www.olivemodeboutique.com/cdn/shop/products/image_df319162-fa88-49f8-9345-c719f776f764.jpg?v=1670776053&width=533,https://www.olivemodeboutique.com/products/cat-women-bustier
olive mode,No-Show | Reusable Nipple Covers: Nood 5,"woman owned, black owned",", , ,",", , ,",,Regular price,$24.00 USD,$24.00 USD,Regular price,https://www.olivemodeboutique.com/cdn/shop/products/d8f469483cc8c2a20eb5db77e4a0a8129d3e064586f94dc862c37334a8d6be8a.jpg?v=1696595021&width=533,https://www.olivemodeboutique.com/products/no-show-reusable-nipple-covers-nood-5
olive mode,No-Show | Reusable Nipple Covers: Nood 7,"woman owned, black owned",", , ,",", , ,",,Regular price,$24.00 USD,$24.00 USD,Regular price,https://www.olivemodeboutique.com/cdn/shop/products/d8f469483cc8c2a20eb5db77e4a0a8129d3e064586f94dc862c37334a8d6be8a_ee69f226-b74d-46de-9c89-74d9776843f0.jpg?v=1696595029&width=533,https://www.olivemodeboutique.com/products/no-show-reusable-nipple-covers-nood-7
olive mode,No-Show | Reusable Nipple Covers: Nood 9,"woman owned, black owned",", , ,",", , ,",,Regular price,$24.00 USD,$24.00 USD,Regular price,https://www.olivemodeboutique.com/cdn/shop/products/d8f469483cc8c2a20eb5db77e4a0a8129d3e064586f94dc862c37334a8d6be8a_dcf9a94d-5f0f-4234-8326-b274d12008ee.jpg?v=1696595037&width=533,https://www.olivemodeboutique.com/products/no-show-reusable-nipple-covers-nood-9
olive mode,OLIVE MODE gift card,"woman owned, black owned",", , ,",", , ,",,Regular price,From $50.00 USD,$50.00 USD,Regular price,https://www.olivemodeboutique.com/cdn/shop/products/image.png?v=1640291391&width=533,https://www.olivemodeboutique.com/products/olive-mode-gift-card
olive mode,OLIVE MODE Signature Logo Unisex Tee,"woman owned, black owned",", , ,",", , ,",,Regular price,$32.00 USD,$32.00 USD,Regular price,https://www.olivemodeboutique.com/cdn/shop/products/image_17e51693-0ced-49ec-a272-7549928d4c53.jpg?v=1624047123&width=533,https://www.olivemodeboutique.com/products/olive-mode-signature-logo-unisex-tee
olive mode,Poolside Ribbed Dress Cream,"woman owned, black owned",", , ,",", , ,",,Regular price,$48.00 USD,$48.00 USD,Regular price,https://www.olivemodeboutique.com/cdn/shop/products/image_b73ba25a-a0a8-47b0-8e79-71b2eeaf3024.jpg?v=1652617986&width=533,https://www.olivemodeboutique.com/products/amy-lynn-vega-dress-2
olive mode,Poolside Ribbed Dress Orange,"woman owned, black owned",", , ,",", , ,",,Regular price,$48.00 USD,$48.00 USD,Regular price,https://www.olivemodeboutique.com/cdn/shop/products/image_16f741be-3f25-43ee-8222-5e6110f0ad4d.jpg?v=1652618740&width=533,https://www.olivemodeboutique.com/products/amy-lynn-vega-dress-3
olive mode,Prague High-Waist Shorts,"woman owned, black owned",", , ,",", , ,",,Regular price,$52.00 USD,$52.00 USD,Regular price,https://www.olivemodeboutique.com/cdn/shop/products/image_6a2c2295-b25a-4b00-9898-775779f5aeea.jpg?v=1630890395&width=533,https://www.olivemodeboutique.com/products/leather-shorts
olive mode,Purse Key Hanger,"woman owned, black owned",", , ,",", , ,",,Regular price,$14.99 USD,$14.99 USD,Regular price,https://www.olivemodeboutique.com/cdn/shop/products/image_860fc6a4-ffc1-46b9-bded-2bbb8abbeff5.jpg?v=1671027185&width=533,https://www.olivemodeboutique.com/products/print-purse-key-hanger
olive mode,Raindrop Earrings Gold,"woman owned, black owned",", , ,",", , ,",,Regular price,$65.00 USD,$65.00 USD,Regular price,https://www.olivemodeboutique.com/cdn/shop/files/FullSizeRender_3417e1b0-b763-4a59-8f61-a34219d020ba.heic?v=1697930059&width=533,https://www.olivemodeboutique.com/products/raindrop-statement-earrings-gold
olive mode,Raindrop Earrings Silver,"woman owned, black owned",", , ,",", , ,",,Regular price,$65.00 USD,$65.00 USD,Regular price,https://www.olivemodeboutique.com/cdn/shop/files/DEC53EB6-2040-4773-AC76-7B155217E4F3.jpg?v=1697928503&width=533,https://www.olivemodeboutique.com/products/raindrop-statement-earrings-silver
olive mode,Refillable Ultimate Travel 11pc Set - Black & Ivory,"woman owned, black owned",", , ,",", , ,",,Regular price,$12.00 USD,$12.00 USD,Regular price,https://www.olivemodeboutique.com/cdn/shop/products/200a912d7efa62ad583b484a62b9f64199fbb2ecf82f85c5252d716d88428b03.jpg?v=1634752104&width=533,https://www.olivemodeboutique.com/products/kitsch-refillable-ultimate-travel-11pc-set-black-ivory
olive mode,Refillable Ultimate Travel 11pc Set - Blush,"woman owned, black owned",", , ,",", , ,",,Regular price,$12.00 USD,$12.00 USD,Regular price,https://www.olivemodeboutique.com/cdn/shop/products/a58abdcf3d7677a5f18643ccbe21ae4c393c133d645500dac9a80b169c8cd1d8.jpg?v=1634752189&width=533,https://www.olivemodeboutique.com/products/kitsch-refillable-ultimate-travel-11pc-set-blush
olive mode,Ribbed Bracelet,"woman owned, black owned",", , ,",", , ,",,Regular price,$50.00 USD,$50.00 USD,Regular price,https://www.olivemodeboutique.com/cdn/shop/files/FullSizeRender.heic?v=1697930013&width=533,https://www.olivemodeboutique.com/products/veronica-bracelet-15-mm-gold
olive mode,Ribbed Hoops,"woman owned, black owned",", , ,",", , ,",,Regular price,$58.00 USD,$58.00 USD,Regular price,https://www.olivemodeboutique.com/cdn/shop/files/96DCF56C-8737-46DE-AC78-46C22BF76AB8.jpg?v=1697928457&width=533,https://www.olivemodeboutique.com/products/robyn-hoops
olive mode,Riviera Orange Jumpsuit,"woman owned, black owned",", , ,",", , ,",,Regular price,$72.00 USD,$72.00 USD,Regular price,https://www.olivemodeboutique.com/cdn/shop/products/image_7d6abd10-48be-44d0-bbf5-e24898d4f0a2.jpg?v=1678590859&width=533,https://www.olivemodeboutique.com/products/riviera-orange-jumpsuit
olive mode,ROSE PETALS | LUXE Toppings MINI,"woman owned, black owned",", , ,",", , ,",,Regular price,$9.00 USD,$9.00 USD,Regular price,https://www.olivemodeboutique.com/cdn/shop/products/1edd196c3bdb145386d441550b6d413dcf2d68d8b6b0a465a86d411322135424.jpg?v=1697065267&width=533,https://www.olivemodeboutique.com/products/rose-petals-luxe-toppings-mini
olive mode,Saint Crossbody: Black,"woman owned, black owned",", , ,",", , ,",,Regular price,$65.00 USD,$65.00 USD,Regular price,https://www.olivemodeboutique.com/cdn/shop/files/60dbc3615ea363b02e6ed0d592fc887077b6eff44acc66107dddb622ecd9bafe.jpg?v=1697332333&width=533,https://www.olivemodeboutique.com/products/nanci-crossbody-black
olive mode,Saint Crossbody: Oatmilk,"woman owned, black owned",", , ,",", , ,",,Regular price,$65.00 USD,$65.00 USD,Regular price,https://www.olivemodeboutique.com/cdn/shop/files/8eed944d723692ad8b837fa36c102a79ad9a387bbe0cd8c6d9214e560c6f7dd2_5c3dcbe5-3991-4b73-8516-9e25d8c3cc01.jpg?v=1697332638&width=533,https://www.olivemodeboutique.com/products/nanci-crossbody-oatmilk
olive mode,Sangria Camel Midi Dress,"woman owned, black owned",", , ,",", , ,",,Regular price,$68.00 USD,$68.00 USD,Regular price,https://www.olivemodeboutique.com/cdn/shop/files/image_e2d1f268-104e-4c77-8d0f-50fc4d4debd6.jpg?v=1684111474&width=533,https://www.olivemodeboutique.com/products/sahara-midi-dress
olive mode,Shape Tape | Breast Tape (XL): Nood 5 / 4in.,"woman owned, black owned",", , ,",", , ,",,Regular price,$34.00 USD,$34.00 USD,Regular price,https://www.olivemodeboutique.com/cdn/shop/products/234e1830121bbe06e45f68ea78fcd70444ce66dd1ebcff45cce48ae454e565ef.jpg?v=1696595045&width=533,https://www.olivemodeboutique.com/products/shape-tape-breast-tape-xl-nood-5-4in
olive mode,Shapewear Short Black,"woman owned, black owned",", , ,",", , ,",,Regular price,$25.00 USD,$25.00 USD,Regular price,https://www.olivemodeboutique.com/cdn/shop/products/38fa4ed21966526deecf65b02dea60737eede0c81f991c389aa2be1039f4a465.jpg?v=1634168447&width=533,https://www.olivemodeboutique.com/products/2006-held-together-shapewear-short-black
olive mode,Sightsee Blue Jogger Jumpsuit,"woman owned, black owned",", , ,",", , ,",,Regular price,$65.50 USD,$65.50 USD,Regular price,https://www.olivemodeboutique.com/cdn/shop/products/image_74b9f2ec-df2f-4012-88cc-80fedd810441.heic?v=1678591013&width=533,https://www.olivemodeboutique.com/products/blue-jumpsuit
olive mode,Somalia Shirt Dress,"woman owned, black owned",", , ,",", , ,",,Regular price,$88.00 USD,$88.00 USD,Regular price,https://www.olivemodeboutique.com/cdn/shop/products/image_a6ef0bb7-cb65-46b6-bf7b-980e2fb7e640.heic?v=1650229043&width=533,https://www.olivemodeboutique.com/products/uptown-topskin-adria-white-shirt-dress-1
olive mode,Spotted Back Out Dress,"woman owned, black owned",", , ,",", , ,",,Regular price,From $38.00 USD,$38.00 USD,Regular price,https://www.olivemodeboutique.com/cdn/shop/products/image_b518d4df-1bbb-414d-a20c-29573cc4597a.jpg?v=1667241584&width=533,https://www.olivemodeboutique.com/products/leopard-long-sleeve-dress
olive mode,St.Lucia Cowl Neck Backless Crop Top,"woman owned, black owned",", , ,",", , ,",,Regular price,From $34.00 USD,$34.00 USD,Regular price,https://www.olivemodeboutique.com/cdn/shop/products/image_0caad4e0-0e3f-49b9-aca7-8d55ce31df3d.jpg?v=1650230854&width=533,https://www.olivemodeboutique.com/products/cowl-neck-backless-crop-top
olive mode,Stainless Steel Gua Sha,"woman owned, black owned",", , ,",", , ,",,Regular price,$13.00 USD,$13.00 USD,Regular price,https://www.olivemodeboutique.com/cdn/shop/products/2f394e02398dbdc0a4e060128a85a42249f99893e8fee4b3277d369fbfb78e1b.jpg?v=1696595121&width=533,https://www.olivemodeboutique.com/products/stainless-steel-gua-sha
olive mode,Star Cubic Necklace,"woman owned, black owned",", , ,",", , ,",,Regular price,$38.00 USD,$38.00 USD,Regular price,https://www.olivemodeboutique.com/cdn/shop/files/IMG-2820.heic?v=1697933837&width=533,https://www.olivemodeboutique.com/products/brenda-grands-jewelry-star-cubic-necklace
olive mode,Starry Chiffon Maxi Dress,"woman owned, black owned",", , ,",", , ,",,Regular price,From $72.00 USD,$72.00 USD,Regular price,https://www.olivemodeboutique.com/cdn/shop/products/image_7e775d37-eb2f-46f4-b57d-ed1f2fab857b.jpg?v=1634955921&width=533,https://www.olivemodeboutique.com/products/pink-shimmer-dress
olive mode,Stone Cold Blue Crossbody,"woman owned, black owned",", , ,",", , ,",,Regular price,$65.00 USD,$65.00 USD,Regular price,https://www.olivemodeboutique.com/cdn/shop/products/image_eaac1197-f7e5-4784-879f-22cb057c9e3d.heic?v=1670787775&width=533,https://www.olivemodeboutique.com/products/urban-expressions-lucas-crossbody
olive mode,Stone Ring: 7,"woman owned, black owned",", , ,",", , ,",,Regular price,$35.00 USD,$35.00 USD,Regular price,https://www.olivemodeboutique.com/cdn/shop/files/IMG-2818.heic?v=1697934192&width=533,https://www.olivemodeboutique.com/products/dylan-ring-7
olive mode,Sun Hoops Mini,"woman owned, black owned",", , ,",", , ,",,Regular price,$38.00 USD,$38.00 USD,Regular price,https://www.olivemodeboutique.com/cdn/shop/files/FullSizeRender_eb09adc9-84c2-4dbf-beb0-18fccdc4ee94.heic?v=1697934110&width=533,https://www.olivemodeboutique.com/products/brenda-grands-jewelry-sun-hoops-mini
olive mode,Tahiti Straw Crossbody,"woman owned, black owned",", , ,",", , ,",,Regular price,$90.00 USD,$90.00 USD,Regular price,https://www.olivemodeboutique.com/cdn/shop/products/image_67514beb-a88e-4cfa-94b5-685260ed6166.heic?v=1678280464&width=533,https://www.olivemodeboutique.com/products/urban-expressions-caspian-crossbody
olive mode,Tamera Pink Sequin Dress,"woman owned, black owned",", , ,",", , ,",,Regular price,$158.00 USD,$158.00 USD,Regular price,https://www.olivemodeboutique.com/cdn/shop/files/Tamera-Dress_2.jpg?v=1698444363&width=533,https://www.olivemodeboutique.com/products/hot-pink-floral-mini-dress
olive mode,The Angela Cargo Pants,"woman owned, black owned",", , ,",", , ,",,Regular price,$68.00 USD,$68.00 USD,Regular price,https://www.olivemodeboutique.com/cdn/shop/products/image_adcb4c29-ec54-418a-9f6f-897368337c61.heic?v=1675108540&width=533,https://www.olivemodeboutique.com/products/black-leather-cargo-pants
olive mode,The Lavender Weighted Satin Eye Mask,"woman owned, black owned",", , ,",", , ,",,Regular price,$24.00 USD,$24.00 USD,Regular price,https://www.olivemodeboutique.com/cdn/shop/products/a74cda9b113013703fc55749939584104a7a6707736105091f095218623fa6b3.jpg?v=1696595101&width=533,https://www.olivemodeboutique.com/products/the-lavender-weighted-satin-eye-mask
olive mode,The Overnight Messenger,"woman owned, black owned",", , ,",", , ,",,Regular price,$70.00 USD,$70.00 USD,Regular price,https://www.olivemodeboutique.com/cdn/shop/products/image_cfebcc89-5032-4320-8a0a-0ec2185ad017.heic?v=1670795525&width=533,https://www.olivemodeboutique.com/products/urban-expressions-lissa-crossbody
olive mode,Tiffany Canvas Backpack,"woman owned, black owned",", , ,",", , ,",,Regular price,$90.00 USD,$90.00 USD,Regular price,https://www.olivemodeboutique.com/cdn/shop/products/image_3aaf42ff-a0fe-4caf-9f43-0c4175189700.heic?v=1655295323&width=533,https://www.olivemodeboutique.com/products/urban-expressions-jamie-backpack
olive mode,Touchland - Power Mist Beach Coco,"woman owned, black owned",", , ,",", , ,",,Regular price,$10.00 USD,$10.00 USD,Regular price,https://www.olivemodeboutique.com/cdn/shop/products/aa463fd9794083c94090efab5f29ffa95ec306d6425780060978db9022084c47.png?v=1680700276&width=533,https://www.olivemodeboutique.com/products/touchland-power-mist-beach-coco
olive mode,Touchland - Power Mist Lemon Lime Spritz,"woman owned, black owned",", , ,",", , ,",,Regular price,$10.00 USD,$10.00 USD,Regular price,https://www.olivemodeboutique.com/cdn/shop/products/a81b13b04b8db9c026209682af26e520c773dba7782769793d7694d5764a0277.png?v=1680700281&width=533,https://www.olivemodeboutique.com/products/touchland-power-mist-lemon-lime-spritz
olive mode,Touchland - Power Mist Pure Lavender,"woman owned, black owned",", , ,",", , ,",,Regular price,$10.00 USD,$10.00 USD,Regular price,https://www.olivemodeboutique.com/cdn/shop/products/b04b40000ed1cf45024d1b641acef47c40afab82c61c3b6f94431076c3a02cd5.png?v=1680700263&width=533,https://www.olivemodeboutique.com/products/touchland-power-mist-pure-lavender
olive mode,Touchland - Smiley x Touchland Mango Passion,"woman owned, black owned",", , ,",", , ,",,Regular price,$10.00 USD,$10.00 USD,Regular price,https://www.olivemodeboutique.com/cdn/shop/products/091d9c654b9cf8af87c4840a617578b94d65d39f283ad74e039e419dd05eb892.png?v=1680700270&width=533,https://www.olivemodeboutique.com/products/touchland-smiley-x-touchland-mango-passion
olive mode,Touchland - Touchland Mist Case Blue,"woman owned, black owned",", , ,",", , ,",,Regular price,$5.50 USD,$5.50 USD,Regular price,https://www.olivemodeboutique.com/cdn/shop/products/80f0fb9ac771b0f8e03e5c16deb2ae8174b081b791b61248e55322f5a4ea17f5.png?v=1680700248&width=533,https://www.olivemodeboutique.com/products/touchland-touchland-mist-case-blue
olive mode,Touchland - Touchland Mist Case Pink,"woman owned, black owned",", , ,",", , ,",,Regular price,$5.50 USD,$5.50 USD,Regular price,https://www.olivemodeboutique.com/cdn/shop/products/f82597f21cad730815661028da3b662e646f66a3c6a5ad2e42adff6837a8f4e2.png?v=1680700257&width=533,https://www.olivemodeboutique.com/products/touchland-touchland-mist-case-pink
olive mode,Tracee Magenta Pink Metallic Long Sleeve Cutout Dress,"woman owned, black owned",", , ,",", , ,",,Regular price,$149.00 USD,$149.00 USD,Regular price,https://www.olivemodeboutique.com/cdn/shop/products/image_a3743241-3ad5-4126-a342-6813920941e6.jpg?v=1670793764&width=533,https://www.olivemodeboutique.com/products/magenta-pink-metallic-long-sleeve-cutout-dress
olive mode,Vielö - Organic Hand Balm 50ml,"woman owned, black owned",", , ,",", , ,",,Regular price,$22.00 USD,$22.00 USD,Regular price,https://www.olivemodeboutique.com/cdn/shop/products/6ea6b6c1dd75b7a96bf7a5124e3eb3c6da103c25ece58e33bde793e2f806c183.jpg?v=1635599569&width=533,https://www.olivemodeboutique.com/products/vielo-explore-organic-foot-balm-50ml
olive mode,Vivica Clear Evening Clutch,"woman owned, black owned",", , ,",", , ,",,Regular price,$70.00 USD,$70.00 USD,Regular price,https://www.olivemodeboutique.com/cdn/shop/products/image_432d6088-fe13-4aa5-b588-e42786185177.heic?v=1670796697&width=533,https://www.olivemodeboutique.com/products/urban-expressions-sophia-evening-bag
olive mode,Wake Up Hydrogel Eye Mask Charcoal + Hyaluronic Acid,"woman owned, black owned",", , ,",", , ,",,Regular price,$5.00 USD,$5.00 USD,Regular price,https://www.olivemodeboutique.com/cdn/shop/files/IMG-2716.webp?v=1696806740&width=533,https://www.olivemodeboutique.com/products/bright-eyes-collagen-eye-mask-1-pair